-- phpMyAdmin SQL Dump
-- version 5.2.1
-- https://www.phpmyadmin.net/
--
-- Host: 127.0.0.1
-- Generation Time: Oct 10, 2025 at 06:24 PM
-- Server version: 10.4.32-MariaDB
-- PHP Version: 8.2.12

SET SQL_MODE = "NO_AUTO_VALUE_ON_ZERO";
START TRANSACTION;
SET time_zone = "+00:00";


/*!40101 SET @OLD_CHARACTER_SET_CLIENT=@@CHARACTER_SET_CLIENT */;
/*!40101 SET @OLD_CHARACTER_SET_RESULTS=@@CHARACTER_SET_RESULTS */;
/*!40101 SET @OLD_COLLATION_CONNECTION=@@COLLATION_CONNECTION */;
/*!40101 SET NAMES utf8mb4 */;

--
-- Database: `online_shop`
--

-- --------------------------------------------------------

--
-- Table structure for table `categories`
--

CREATE TABLE `categories` (
  `CategoryID` int(11) NOT NULL,
  `CategoryName` varchar(255) DEFAULT NULL,
  `Description` varchar(255) DEFAULT NULL
) ENGINE=InnoDB DEFAULT CHARSET=utf8mb4 COLLATE=utf8mb4_general_ci;

--
-- Dumping data for table `categories`
--

INSERT INTO `categories` (`CategoryID`, `CategoryName`, `Description`) VALUES
(1, 'Beverages', 'Soft drinks, coffees, teas, beers, and ales'),
(2, 'Condiments', 'Sweet and savory sauces, relishes, spreads, and seasonings'),
(3, 'Confections', 'Desserts, candies, and sweet breads'),
(4, 'Dairy Products', 'Cheeses'),
(5, 'Grains/Cereals', 'Breads, crackers, pasta, and cereal'),
(6, 'Meat/Poultry', 'Prepared meats'),
(7, 'Produce', 'Dried fruit and bean curd'),
(8, 'Seafood', 'Seaweed and fish');

-- --------------------------------------------------------

--
-- Table structure for table `customers`
--

CREATE TABLE `customers` (
  `CustomerID` int(11) NOT NULL,
  `CustomerName` varchar(100) DEFAULT NULL,
  `ContactName` varchar(100) DEFAULT NULL,
  `Address` varchar(200) DEFAULT NULL,
  `City` varchar(50) DEFAULT NULL,
  `PostalCode` varchar(20) DEFAULT NULL,
  `Country` varchar(50) DEFAULT NULL
) ENGINE=InnoDB DEFAULT CHARSET=utf8mb4 COLLATE=utf8mb4_general_ci;

--
-- Dumping data for table `customers`
--

INSERT INTO `customers` (`CustomerID`, `CustomerName`, `ContactName`, `Address`, `City`, `PostalCode`, `Country`) VALUES
(1, 'Alfreds Futterkiste', 'Maria Anders', 'Obere Str. 57', 'Berlin', '12209', 'Germany'),
(2, 'Ana Trujillo Emparedados y helados', 'Ana Trujillo', 'Avda. de la Constitución 2222', 'México D.F.', '05021', 'Mexico'),
(3, 'Antonio Moreno Taquería', 'Antonio Moreno', 'Mataderos 2312', 'México D.F.', '05023', 'Mexico'),
(4, 'Around the Horn', 'Thomas Hardy', '120 Hanover Sq.', 'London', 'WA1 1DP', 'UK'),
(5, 'Berglunds snabbköp', 'Christina Berglund', 'Berguvsvägen 8', 'Luleå', 'S-958 22', 'Sweden'),
(6, 'Blauer See Delikatessen', 'Hanna Moos', 'Forsterstr. 57', 'Mannheim', '68306', 'Germany'),
(7, 'Blondel père et fils', 'Frédérique Citeaux', '24, place Kléber', 'Strasbourg', '67000', 'France'),
(8, 'Bólido Comidas preparadas', 'Martín Sommer', 'C/ Araquil, 67', 'Madrid', '28023', 'Spain'),
(9, 'Bon app\'', 'Laurence Lebihans', '12, rue des Bouchers', 'Marseille', '13008', 'France'),
(10, 'Bottom-Dollar Marketse', 'Elizabeth Lincoln', '23 Tsawassen Blvd.', 'Tsawassen', 'T2F 8M4', 'Canada'),
(11, 'B\'s Beverages', 'Victoria Ashworth', 'Fauntleroy Circus', 'London', 'EC2 5NT', 'UK'),
(12, 'Cactus Comidas para llevar', 'Patricio Simpson', 'Cerrito 333', 'Buenos Aires', '1010', 'Argentina'),
(13, 'Centro comercial Moctezuma', 'Francisco Chang', 'Sierras de Granada 9993', 'México D.F.', '05022', 'Mexico'),
(14, 'Chop-suey Chinese', 'Yang Wang', 'Hauptstr. 29', 'Bern', '3012', 'Switzerland'),
(15, 'Comércio Mineiro', 'Pedro Afonso', 'Av. dos Lusíadas, 23', 'São Paulo', '05432-043', 'Brazil'),
(16, 'Consolidated Holdings', 'Elizabeth Brown', 'Berkeley Gardens 12 Brewery', 'London', 'WX1 6LT', 'UK'),
(17, 'Drachenblut Delikatessend', 'Sven Ottlieb', 'Walserweg 21', 'Aachen', '52066', 'Germany'),
(18, 'Du monde entier', 'Janine Labrune', '67, rue des Cinquante Otages', 'Nantes', '44000', 'France'),
(19, 'Eastern Connection', 'Ann Devon', '35 King George', 'London', 'WX3 6FW', 'UK'),
(20, 'Ernst Handel', 'Roland Mendel', 'Kirchgasse 6', 'Graz', '8010', 'Austria'),
(21, 'Familia Arquibaldo', 'Aria Cruz', 'Rua Orós, 92', 'São Paulo', '05442-030', 'Brazil'),
(22, 'FISSA Fabrica Inter. Salchichas S.A.', 'Diego Roel', 'C/ Moralzarzal, 86', 'Madrid', '28034', 'Spain'),
(23, 'Folies gourmandes', 'Martine Rancé', '184, chaussée de Tournai', 'Lille', '59000', 'France'),
(24, 'Folk och fä HB', 'Maria Larsson', 'Åkergatan 24', 'Bräcke', 'S-844 67', 'Sweden'),
(25, 'Frankenversand', 'Peter Franken', 'Berliner Platz 43', 'München', '80805', 'Germany');

-- --------------------------------------------------------

--
-- Table structure for table `employees`
--

CREATE TABLE `employees` (
  `EmployeeID` int(11) NOT NULL,
  `LastName` varchar(50) DEFAULT NULL,
  `FirstName` varchar(50) DEFAULT NULL,
  `BirthDate` date DEFAULT NULL,
  `Photo` longblob DEFAULT NULL,
  `Notes` text DEFAULT NULL
) ENGINE=InnoDB DEFAULT CHARSET=utf8mb4 COLLATE=utf8mb4_general_ci;

--
-- Dumping data for table `employees`
--

INSERT INTO `employees` (`EmployeeID`, `LastName`, `FirstName`, `BirthDate`, `Photo`, `Notes`) VALUES
(1, 'Davolio', 'Nancy', '1968-12-08', 0x456d704944312e706963, 'Education includes a BA in psychology from Colorado State University. She also completed (The Art of the Cold Call). Nancy is a member of \'Toastmasters International\'.'),
(2, 'Fuller', 'Andrew', '1952-02-19', 0x456d704944322e706963, 'Andrew received his BTS commercial and a Ph.D. in international marketing from the University of Dallas. He is fluent in French and Italian and reads German. He joined the company as a sales representative, was promoted to sales manager and was then named vice president of sales. Andrew is a member of the Sales Management Roundtable, the Seattle Chamber of Commerce, and the Pacific Rim Importers Association.'),
(3, 'Leverling', 'Janet', '1963-08-30', 0x456d704944332e706963, 'Janet has a BS degree in chemistry from Boston College). She has also completed a certificate program in food retailing management. Janet was hired as a sales associate and was promoted to sales representative.'),
(4, 'Peacock', 'Margaret', '1958-09-19', 0x456d704944342e706963, 'Margaret holds a BA in English literature from Concordia College and an MA from the American Institute of Culinary Arts. She was temporarily assigned to the London office before returning to her permanent post in Seattle.'),
(5, 'Buchanan', 'Steven', '1955-03-04', 0x456d704944352e706963, 'Steven Buchanan graduated from St. Andrews University, Scotland, with a BSC degree. Upon joining the company as a sales representative, he spent 6 months in an orientation program at the Seattle office and then returned to his permanent post in London, where he was promoted to sales manager. Mr. Buchanan has completed the courses \'Successful Telemarketing\' and \'International Sales Management\'. He is fluent in French.'),
(6, 'Suyama', 'Michael', '1963-07-02', 0x456d704944362e706963, 'Michael is a graduate of Sussex University (MA, economics) and the University of California at Los Angeles (MBA, marketing). He has also taken the courses \'Multi-Cultural Selling\' and \'Time Management for the Sales Professional\'. He is fluent in Japanese and can read and write French, Portuguese, and Spanish.'),
(7, 'King', 'Robert', '1960-05-29', 0x456d704944372e706963, 'Robert King served in the Peace Corps and traveled extensively before completing his degree in English at the University of Michigan and then joining the company. After completing a course entitled \'Selling in Europe\', he was transferred to the London office.'),
(8, 'Callahan', 'Laura', '1958-01-09', 0x456d704944382e706963, 'Laura received a BA in psychology from the University of Washington. She has also completed a course in business French. She reads and writes French.'),
(9, 'Dodsworth', 'Anne', '1969-07-02', 0x456d704944392e706963, 'Anne has a BA degree in English from St. Lawrence College. She is fluent in French and German.'),
(10, 'West', 'Adam', '1928-09-19', 0x456d70494431302e706963, 'An old chum');

-- --------------------------------------------------------

--
-- Table structure for table `orderdetails`
--

CREATE TABLE `orderdetails` (
  `OrderDetailID` int(11) NOT NULL,
  `OrderID` int(11) DEFAULT NULL,
  `ProductID` int(11) DEFAULT NULL,
  `Quantity` int(11) DEFAULT NULL
) ENGINE=InnoDB DEFAULT CHARSET=utf8mb4 COLLATE=utf8mb4_general_ci;

--
-- Dumping data for table `orderdetails`
--

INSERT INTO `orderdetails` (`OrderDetailID`, `OrderID`, `ProductID`, `Quantity`) VALUES
(1, 10248, 11, 12),
(2, 10248, 42, 10),
(3, 10248, 72, 5),
(4, 10249, 14, 9),
(5, 10249, 51, 40),
(6, 10250, 41, 10),
(7, 10250, 51, 35),
(8, 10250, 65, 15),
(9, 10251, 22, 6),
(10, 10251, 57, 15),
(11, 10251, 65, 20),
(12, 10252, 20, 40),
(13, 10252, 33, 25),
(14, 10252, 60, 40),
(15, 10253, 31, 20),
(16, 10253, 39, 42),
(17, 10253, 49, 40),
(18, 10254, 24, 15),
(19, 10254, 55, 21),
(20, 10254, 74, 21),
(21, 10255, 2, 20),
(22, 10255, 16, 35),
(23, 10255, 36, 25),
(24, 10255, 59, 30),
(25, 10256, 53, 15),
(26, 10256, 77, 12),
(27, 10257, 27, 25),
(28, 10257, 39, 6),
(29, 10257, 77, 15),
(30, 10258, 2, 50);

-- --------------------------------------------------------

--
-- Table structure for table `orders`
--

CREATE TABLE `orders` (
  `OrderID` int(11) NOT NULL,
  `CustomerID` int(11) DEFAULT NULL,
  `EmployeeID` int(11) DEFAULT NULL,
  `OrderDate` date DEFAULT NULL,
  `ShipperID` int(11) DEFAULT NULL
) ENGINE=InnoDB DEFAULT CHARSET=utf8mb4 COLLATE=utf8mb4_general_ci;

--
-- Dumping data for table `orders`
--

INSERT INTO `orders` (`OrderID`, `CustomerID`, `EmployeeID`, `OrderDate`, `ShipperID`) VALUES
(10248, 90, 5, '1996-07-04', 3),
(10249, 81, 6, '1996-07-05', 1),
(10250, 34, 4, '1996-07-08', 2),
(10251, 84, 3, '1996-07-08', 1),
(10252, 76, 4, '1996-07-09', 2),
(10253, 34, 3, '1996-07-10', 2),
(10254, 14, 5, '1996-07-11', 2),
(10255, 68, 9, '1996-07-12', 3),
(10256, 88, 3, '1996-07-15', 2),
(10257, 35, 4, '1996-07-16', 3),
(10258, 20, 1, '1996-07-17', 1),
(10259, 13, 4, '1996-07-18', 3),
(10260, 55, 4, '1996-07-19', 1),
(10261, 61, 4, '1996-07-19', 2),
(10262, 65, 8, '1996-07-22', 3),
(10263, 20, 9, '1996-07-23', 3),
(10264, 24, 6, '1996-07-24', 3),
(10265, 7, 2, '1996-07-25', 1),
(10266, 87, 3, '1996-07-26', 3),
(10267, 25, 4, '1996-07-29', 1),
(10268, 33, 8, '1996-07-30', 3),
(10269, 89, 5, '1996-07-31', 1),
(10270, 87, 1, '1996-08-01', 1),
(10271, 75, 6, '1996-08-01', 2),
(10272, 65, 6, '1996-08-02', 2),
(10273, 63, 3, '1996-08-05', 3),
(10274, 85, 6, '1996-08-06', 1),
(10275, 49, 1, '1996-08-07', 1),
(10276, 80, 8, '1996-08-08', 3),
(10277, 52, 2, '1996-08-09', 3),
(10278, 5, 8, '1996-08-12', 2),
(10279, 44, 8, '1996-08-13', 2),
(10280, 5, 2, '1996-08-14', 1);

-- --------------------------------------------------------

--
-- Table structure for table `products`
--

CREATE TABLE `products` (
  `ProductID` int(11) NOT NULL,
  `ProductName` varchar(100) DEFAULT NULL,
  `SupplierID` int(11) DEFAULT NULL,
  `CategoryID` int(11) DEFAULT NULL,
  `Unit` varchar(50) DEFAULT NULL,
  `Price` decimal(10,2) DEFAULT NULL
) ENGINE=InnoDB DEFAULT CHARSET=utf8mb4 COLLATE=utf8mb4_general_ci;

--
-- Dumping data for table `products`
--

INSERT INTO `products` (`ProductID`, `ProductName`, `SupplierID`, `CategoryID`, `Unit`, `Price`) VALUES
(1, 'Chais', 1, 1, '10 boxes x 20 bags', 18.00),
(2, 'Chang', 1, 1, '24 - 12 oz bottles', 19.00),
(3, 'Aniseed Syrup', 1, 2, '12 - 550 ml bottles', 10.00),
(4, 'Chef Anton\'s Cajun Seasoning', 2, 2, '48 - 6 oz jars', 22.00),
(5, 'Chef Anton\'s Gumbo Mix', 2, 2, '36 boxes', 21.35),
(6, 'Grandma\'s Boysenberry Spread', 3, 2, '12 - 8 oz jars', 25.00),
(7, 'Uncle Bob\'s Organic Dried Pears', 3, 7, '12 - 1 lb pkgs.', 30.00),
(8, 'Northwoods Cranberry Sauce', 3, 2, '12 - 12 oz jars', 40.00),
(9, 'Mishi Kobe Niku', 4, 6, '18 - 500 g pkgs.', 97.00),
(10, 'Ikura', 4, 8, '12 - 200 ml jars', 31.00),
(11, 'Queso Cabrales', 5, 4, '1 kg pkg.', 21.00),
(12, 'Queso Manchego La Pastora', 5, 4, '10 - 500 g pkgs.', 38.00),
(13, 'Konbu', 6, 8, '2 kg box', 6.00),
(14, 'Tofu', 6, 7, '40 - 100 g pkgs.', 23.25),
(15, 'Genen Shouyu', 6, 2, '24 - 250 ml bottles', 15.50),
(16, 'Pavlova', 7, 3, '32 - 500 g boxes', 17.45),
(17, 'Alice Mutton', 7, 6, '20 - 1 kg tins', 39.00),
(18, 'Carnarvon Tigers', 7, 8, '16 kg pkg.', 62.50),
(19, 'Teatime Chocolate Biscuits', 8, 3, '10 boxes x 12 pieces', 9.20),
(20, 'Sir Rodney\'s Marmalade', 8, 3, '30 gift boxes', 81.00),
(21, 'Sir Rodney\'s Scones', 8, 3, '24 pkgs. x 4 pieces', 10.00),
(22, 'Gustaf\'s Knäckebröd', 9, 5, '24 - 500 g pkgs.', 21.00),
(23, 'Tunnbröd', 9, 5, '12 - 250 g pkgs.', 9.00),
(24, 'Guaraná Fantástica', 10, 1, '12 - 355 ml cans', 4.50),
(25, 'NuNuCa Nuß-Nougat-Creme', 11, 3, '20 - 450 g glasses', 14.00),
(26, 'Gumbär Gummibärchen', 11, 3, '100 - 250 g bags', 31.23),
(27, 'Schoggi Schokolade', 11, 3, '100 - 100 g pieces', 43.90),
(28, 'Rössle Sauerkraut', 12, 7, '25 - 825 g cans', 45.60),
(29, 'Thüringer Rostbratwurst', 12, 6, '50 bags x 30 sausgs.', 123.79),
(30, 'Nord-Ost Matjeshering', 13, 8, '10 - 200 g glasses', 25.89),
(31, 'Gorgonzola Telino', 14, 4, '12 - 100 g pkgs', 12.50),
(32, 'Mascarpone Fabioli', 14, 4, '24 - 200 g pkgs.', 32.00),
(33, 'Geitost', 15, 4, '500 g', 2.50),
(34, 'Sasquatch Ale', 16, 1, '24 - 12 oz bottles', 14.00),
(35, 'Steeleye Stout', 16, 1, '24 - 12 oz bottles', 18.00),
(36, 'Inlagd Sill', 17, 8, '24 - 250 g jars', 19.00),
(37, 'Gravad lax', 17, 8, '12 - 500 g pkgs.', 26.00),
(38, 'Côte de Blaye', 18, 1, '12 - 75 cl bottles', 263.50),
(39, 'Chartreuse verte', 18, 1, '750 cc per bottle', 18.00),
(40, 'Boston Crab Meat', 19, 8, '24 - 4 oz tins', 18.40);

-- --------------------------------------------------------

--
-- Table structure for table `shippers`
--

CREATE TABLE `shippers` (
  `ShipperID` int(11) NOT NULL,
  `ShipperName` varchar(50) DEFAULT NULL,
  `Phone` varchar(20) DEFAULT NULL
) ENGINE=InnoDB DEFAULT CHARSET=utf8mb4 COLLATE=utf8mb4_general_ci;

--
-- Dumping data for table `shippers`
--

INSERT INTO `shippers` (`ShipperID`, `ShipperName`, `Phone`) VALUES
(1, 'Speedy Express', '(503) 555-9831'),
(2, 'United Package', '(503) 555-3199'),
(3, 'Federal Shipping', '(503) 555-9931');

-- --------------------------------------------------------

--
-- Table structure for table `suppliers`
--

CREATE TABLE `suppliers` (
  `SupplierID` int(11) NOT NULL,
  `SupplierName` varchar(100) DEFAULT NULL,
  `ContactName` varchar(50) DEFAULT NULL,
  `Address` varchar(200) DEFAULT NULL,
  `City` varchar(50) DEFAULT NULL,
  `PostalCode` varchar(20) DEFAULT NULL,
  `Country` varchar(50) DEFAULT NULL,
  `Phone` varchar(20) DEFAULT NULL
) ENGINE=InnoDB DEFAULT CHARSET=utf8mb4 COLLATE=utf8mb4_general_ci;

--
-- Dumping data for table `suppliers`
--

INSERT INTO `suppliers` (`SupplierID`, `SupplierName`, `ContactName`, `Address`, `City`, `PostalCode`, `Country`, `Phone`) VALUES
(1, 'Exotic Liquid', 'Charlotte Cooper', '49 Gilbert St.', 'Londona', 'EC1 4SD', 'UK', '(171) 555-2222'),
(2, 'New Orleans Cajun Delights', 'Shelley Burke', 'P.O. Box 78934', 'New Orleans', '70117', 'USA', '(100) 555-4822'),
(3, 'Grandma Kelly\'s Homestead', 'Regina Murphy', '707 Oxford Rd.', 'Ann Arbor', '48104', 'USA', '(313) 555-5735'),
(4, 'Tokyo Traders', 'Yoshi Nagase', '9-8 Sekimai Musashino-shi', 'Tokyo', '100', 'Japan', '(03) 3555-5011'),
(5, 'Cooperativa de Quesos \'Las Cabras\'', 'Antonio del Valle Saavedra', 'Calle del Rosal 4', 'Oviedo', '33007', 'Spain', '(98) 598 76 54'),
(6, 'Mayumi\'s', 'Mayumi Ohno', '92 Setsuko Chuo-ku', 'Osaka', '545', 'Japan', '(06) 431-7877'),
(7, 'Pavlova, Ltd.', 'Ian Devling', '74 Rose St. Moonie Ponds', 'Melbourne', '3058', 'Australia', '(03) 444-2343'),
(8, 'Specialty Biscuits, Ltd.', 'Peter Wilson', '29 King\'s Way', 'Manchester', 'M14 GSD', 'UK', '(161) 555-4448'),
(9, 'PB Knäckebröd AB', 'Lars Peterson', 'Kaloadagatan 13', 'Göteborg', 'S-345 67', 'Sweden', '031-987 65 43'),
(10, 'Refrescos Americanas LTDA', 'Carlos Diaz', 'Av. das Americanas 12.890', 'São Paulo', '5442', 'Brazil', '(11) 555 4640'),
(11, 'Heli Süßwaren GmbH & Co. KG', 'Petra Winkler', 'Tiergartenstraße 5', 'Berlin', '10785', 'Germany', '(010) 9984510'),
(12, 'Plutzer Lebensmittelgroßmärkte AG', 'Martin Bein', 'Bogenallee 51', 'Frankfurt', '60439', 'Germany', '(069) 992755'),
(13, 'Nord-Ost-Fisch Handelsgesellschaft mbH', 'Sven Petersen', 'Frahmredder 112a', 'Cuxhaven', '27478', 'Germany', '(04721) 8713'),
(14, 'Formaggi Fortini s.r.l.', 'Elio Rossi', 'Viale Dante, 75', 'Ravenna', '48100', 'Italy', '(0544) 60323'),
(15, 'Norske Meierier', 'Beate Vileid', 'Hatlevegen 5', 'Sandvika', '1320', 'Norway', '(0)2-953010'),
(16, 'Bigfoot Breweries', 'Cheryl Saylor', '3400 - 8th Avenue Suite 210', 'Bend', '97101', 'USA', '(503) 555-9931'),
(17, 'Svensk Sjöföda AB', 'Michael Björn', 'Brovallavägen 231', 'Stockholm', 'S-123 45', 'Sweden', '08-123 45 67'),
(18, 'Aux joyeux ecclésiastiques', 'Guylène Nodier', '203, Rue des Francs-Bourgeois', 'Paris', '75004', 'France', '(1) 03.83.00.68'),
(19, 'New England Seafood Cannery', 'Robb Merchant', 'Order Processing Dept. 2100 Paul Revere Blvd.', 'Boston', '02134', 'USA', '(617) 555-3267'),
(20, 'Leka Trading', 'Chandra Leka', '471 Serangoon Loop, Suite #402', 'Singapore', '0512', 'Singapore', '555-8787'),
(21, 'Lyngbysild', 'Niels Petersen', 'Lyngbysild Fiskebakken 10', 'Lyngby', '2800', 'Denmark', '43844108'),
(22, 'Zaanse Snoepfabriek', 'Dirk Luchte', 'Verkoop Rijnweg 22', 'Zaandam', '9999 ZZ', 'Netherlands', '(12345) 1212'),
(23, 'Karkki Oy', 'Anne Heikkonen', 'Valtakatu 12', 'Lappeenranta', '53120', 'Finland', '(953) 10956'),
(24, 'G\'day, Mate', 'Wendy Mackenzie', '170 Prince Edward Parade Hunter\'s Hill', 'Sydney', '2042', 'Australia', '(02) 555-5914'),
(25, 'Ma Maison', 'Jean-Guy Lauzon', '2960 Rue St. Laurent', 'Montréal', 'H1J 1C3', 'Canada', '(514) 555-9022'),
(26, 'Pasta Buttini s.r.l.', 'Giovanni Giudici', 'Via dei Gelsomini, 153', 'Salerno', '84100', 'Italy', '(089) 6547665'),
(27, 'Escargots Nouveaux', 'Marie Delamare', '22, rue H. Voiron', 'Montceau', '71300', 'France', '85.57.00.07'),
(28, 'Gai pâturage', 'Eliane Noz', 'Bat. B 3, rue des Alpes', 'Annecy', '74000', 'France', '38.76.98.06'),
(29, 'Forêts d\'érables', 'Chantal Goulet', '148 rue Chasseur', 'Ste-Hyacinthe', 'J2S 7S8', 'Canada', '(514) 555-2955');

--
-- Indexes for dumped tables
--

--
-- Indexes for table `categories`
--
ALTER TABLE `categories`
  ADD PRIMARY KEY (`CategoryID`);

--
-- Indexes for table `customers`
--
ALTER TABLE `customers`
  ADD PRIMARY KEY (`CustomerID`);

--
-- Indexes for table `employees`
--
ALTER TABLE `employees`
  ADD PRIMARY KEY (`EmployeeID`);

--
-- Indexes for table `orderdetails`
--
ALTER TABLE `orderdetails`
  ADD PRIMARY KEY (`OrderDetailID`);

--
-- Indexes for table `orders`
--
ALTER TABLE `orders`
  ADD PRIMARY KEY (`OrderID`),
  ADD KEY `FK_Orders_Shippers` (`ShipperID`);

--
-- Indexes for table `products`
--
ALTER TABLE `products`
  ADD PRIMARY KEY (`ProductID`),
  ADD KEY `CategoryID` (`CategoryID`),
  ADD KEY `FK_Products_Suppliers` (`SupplierID`);

--
-- Indexes for table `shippers`
--
ALTER TABLE `shippers`
  ADD PRIMARY KEY (`ShipperID`);

--
-- Indexes for table `suppliers`
--
ALTER TABLE `suppliers`
  ADD PRIMARY KEY (`SupplierID`);

--
-- Constraints for dumped tables
--

--
-- Constraints for table `orders`
--
ALTER TABLE `orders`
  ADD CONSTRAINT `FK_Orders_Shippers` FOREIGN KEY (`ShipperID`) REFERENCES `shippers` (`ShipperID`);

--
-- Constraints for table `products`
--
ALTER TABLE `products`
  ADD CONSTRAINT `FK_Products_Suppliers` FOREIGN KEY (`SupplierID`) REFERENCES `suppliers` (`SupplierID`),
  ADD CONSTRAINT `products_ibfk_1` FOREIGN KEY (`SupplierID`) REFERENCES `suppliers` (`SupplierID`),
  ADD CONSTRAINT `products_ibfk_2` FOREIGN KEY (`CategoryID`) REFERENCES `categories` (`CategoryID`);
COMMIT;

/*!40101 SET CHARACTER_SET_CLIENT=@OLD_CHARACTER_SET_CLIENT */;
/*!40101 SET CHARACTER_SET_RESULTS=@OLD_CHARACTER_SET_RESULTS */;
/*!40101 SET COLLATION_CONNECTION=@OLD_COLLATION_CONNECTION */;
